{"cameraMode":{"drawMode":0,"name":"Shaded","section":"Shading Mode"},"sceneLighting":true,"audioPlay":false,"sceneViewState":{"showFog":false,"showMaterialUpdate":false,"showSkybox":false,"showFlares":false,"showImageEffects":false,"showParticleSystems":false},"in2DMode":false,"pivot":{"x":18.46177101135254,"y":-113.29080200195313,"z":372.68603515625},"rotation":{"x":0.1439214050769806,"y":-0.0035172465723007919,"z":0.0004717679985333234,"w":0.9895813465118408},"size":413.271240234375,"orthographic":false}