{"cameraMode":{"drawMode":0,"name":"Shaded","section":"Shading Mode"},"sceneLighting":true,"audioPlay":false,"sceneViewState":{"showFog":false,"showMaterialUpdate":false,"showSkybox":false,"showFlares":false,"showImageEffects":false,"showParticleSystems":false},"in2DMode":false,"pivot":{"x":-4.249053478240967,"y":-47.862064361572269,"z":171.69509887695313},"rotation":{"x":0.11118260771036148,"y":-0.013965342193841935,"z":0.0015228785341605545,"w":0.9936955571174622},"size":188.02845764160157,"orthographic":false}